TRAIN,https://raw.githubusercontent.com/arimatiur/tflite_train_dataset/main/images/GAMBAR0.jpg,ITS,0.28204,0.280975,,,0.181408,0.139472,,
TRAIN,https://raw.githubusercontent.com/arimatiur/tflite_train_dataset/main/images/GAMBAR0.jpg,ITB,0.263087,0.416385,,,0.185018,0.134056,,
TRAIN,https://raw.githubusercontent.com/arimatiur/tflite_train_dataset/main/images/GAMBAR0.jpg,UI,0.238718,0.560596,,,0.188628,0.147596,,
TRAIN,https://raw.githubusercontent.com/arimatiur/tflite_train_dataset/main/images/GAMBAR0.jpg,UB,0.437726,0.574475,,,0.155235,0.119838,,
TRAIN,https://raw.githubusercontent.com/arimatiur/tflite_train_dataset/main/images/GAMBAR0.jpg,UNAIR,0.617329,0.585308,,,0.162455,0.129316,,
TRAIN,https://raw.githubusercontent.com/arimatiur/tflite_train_dataset/main/images/GAMBAR0.jpg,UNPAD,0.44991,0.439743,,,0.161552,0.125254,,
TRAIN,https://raw.githubusercontent.com/arimatiur/tflite_train_dataset/main/images/GAMBAR0.jpg,UGM,0.45713,0.314489,,,0.161552,0.132024,,
TRAIN,https://raw.githubusercontent.com/arimatiur/tflite_train_dataset/main/images/GAMBAR0.jpg,UNDIP,0.622292,0.344279,,,0.139892,0.114421,,
TRAIN,https://raw.githubusercontent.com/arimatiur/tflite_train_dataset/main/images/GAMBAR0.jpg,IPB,0.61417,0.4587,,,0.125451,0.114421,,
TRAIN,https://raw.githubusercontent.com/arimatiur/tflite_train_dataset/main/images/GAMBAR1.jpg,ITS,0.27843,0.237644,,,0.208484,0.159783,,
TRAIN,https://raw.githubusercontent.com/arimatiur/tflite_train_dataset/main/images/GAMBAR1.jpg,ITB,0.245487,0.394719,,,0.227437,0.158429,,
TRAIN,https://raw.githubusercontent.com/arimatiur/tflite_train_dataset/main/images/GAMBAR1.jpg,UI,0.194043,0.571429,,,0.236462,0.189573,,
TRAIN,https://raw.githubusercontent.com/arimatiur/tflite_train_dataset/main/images/GAMBAR1.jpg,UB,0.427798,0.604942,,,0.187726,0.164523,,
TRAIN,https://raw.githubusercontent.com/arimatiur/tflite_train_dataset/main/images/GAMBAR1.jpg,UNAIR,0.627256,0.625931,,,0.17509,0.156398,,
TRAIN,https://raw.githubusercontent.com/arimatiur/tflite_train_dataset/main/images/GAMBAR1.jpg,UNPAD,0.449458,0.444144,,,0.184116,0.153013,,
TRAIN,https://raw.githubusercontent.com/arimatiur/tflite_train_dataset/main/images/GAMBAR1.jpg,UGM,0.463899,0.303995,,,0.173285,0.150305,,
TRAIN,https://raw.githubusercontent.com/arimatiur/tflite_train_dataset/main/images/GAMBAR1.jpg,UNDIP,0.634928,0.350372,,,0.139892,0.136087,,
TRAIN,https://raw.githubusercontent.com/arimatiur/tflite_train_dataset/main/images/GAMBAR1.jpg,IPB,0.626354,0.481043,,,0.120939,0.129316,,
TRAIN,https://raw.githubusercontent.com/arimatiur/tflite_train_dataset/main/images/GAMBAR10.jpg,ITS,0.177798,0.267095,,,0.176895,0.159106,,
TRAIN,https://raw.githubusercontent.com/arimatiur/tflite_train_dataset/main/images/GAMBAR10.jpg,ITB,0.176895,0.425186,,,0.180505,0.148951,,
TRAIN,https://raw.githubusercontent.com/arimatiur/tflite_train_dataset/main/images/GAMBAR10.jpg,UI,0.162455,0.584631,,,0.16787,0.157752,,
TRAIN,https://raw.githubusercontent.com/arimatiur/tflite_train_dataset/main/images/GAMBAR10.jpg,UB,0.36417,0.594787,,,0.183213,0.150982,,
TRAIN,https://raw.githubusercontent.com/arimatiur/tflite_train_dataset/main/images/GAMBAR10.jpg,UNAIR,0.607852,0.605281,,,0.25,0.176032,,
TRAIN,https://raw.githubusercontent.com/arimatiur/tflite_train_dataset/main/images/GAMBAR10.jpg,UNPAD,0.376354,0.421124,,,0.189531,0.1652,,
TRAIN,https://raw.githubusercontent.com/arimatiur/tflite_train_dataset/main/images/GAMBAR10.jpg,UGM,0.374549,0.253555,,,0.203971,0.165877,,
TRAIN,https://raw.githubusercontent.com/arimatiur/tflite_train_dataset/main/images/GAMBAR10.jpg,UNDIP,0.613267,0.233243,,,0.230144,0.179418,,
TRAIN,https://raw.githubusercontent.com/arimatiur/tflite_train_dataset/main/images/GAMBAR10.jpg,IPB,0.603339,0.418077,,,0.203069,0.174001,,
TRAIN,https://raw.githubusercontent.com/arimatiur/tflite_train_dataset/main/images/GAMBAR11.jpg,ITS,0.223375,0.547055,,,0.221119,0.161137,,
TRAIN,https://raw.githubusercontent.com/arimatiur/tflite_train_dataset/main/images/GAMBAR11.jpg,ITB,0.420578,0.626269,,,0.218412,0.161137,,
TRAIN,https://raw.githubusercontent.com/arimatiur/tflite_train_dataset/main/images/GAMBAR11.jpg,UI,0.612816,0.716317,,,0.216606,0.170616,,
TRAIN,https://raw.githubusercontent.com/arimatiur/tflite_train_dataset/main/images/GAMBAR11.jpg,UB,0.727437,0.55958,,,0.203971,0.144211,,
TRAIN,https://raw.githubusercontent.com/arimatiur/tflite_train_dataset/main/images/GAMBAR11.jpg,UNAIR,0.813177,0.416385,,,0.205776,0.14218,,
TRAIN,https://raw.githubusercontent.com/arimatiur/tflite_train_dataset/main/images/GAMBAR11.jpg,UNPAD,0.527076,0.479012,,,0.202166,0.145565,,
TRAIN,https://raw.githubusercontent.com/arimatiur/tflite_train_dataset/main/images/GAMBAR11.jpg,UGM,0.345217,0.408599,,,0.208484,0.15369,,
TRAIN,https://raw.githubusercontent.com/arimatiur/tflite_train_dataset/main/images/GAMBAR11.jpg,UNDIP,0.447653,0.273189,,,0.185921,0.140149,,
TRAIN,https://raw.githubusercontent.com/arimatiur/tflite_train_dataset/main/images/GAMBAR11.jpg,IPB,0.629964,0.34631,,,0.191336,0.1239,,
TEST,https://raw.githubusercontent.com/arimatiur/tflite_train_dataset/main/images/GAMBAR12.jpg,ITS,0.220668,0.543331,,,0.217509,0.164523,,
TEST,https://raw.githubusercontent.com/arimatiur/tflite_train_dataset/main/images/GAMBAR12.jpg,ITB,0.416516,0.627624,,,0.210289,0.162492,,
TEST,https://raw.githubusercontent.com/arimatiur/tflite_train_dataset/main/images/GAMBAR12.jpg,UI,0.615523,0.718009,,,0.222022,0.169939,,
TEST,https://raw.githubusercontent.com/arimatiur/tflite_train_dataset/main/images/GAMBAR12.jpg,UB,0.719314,0.557888,,,0.187726,0.143534,,
TEST,https://raw.githubusercontent.com/arimatiur/tflite_train_dataset/main/images/GAMBAR12.jpg,UNAIR,0.811823,0.415369,,,0.208484,0.148274,,
TEST,https://raw.githubusercontent.com/arimatiur/tflite_train_dataset/main/images/GAMBAR12.jpg,UNPAD,0.528881,0.477996,,,0.214801,0.150305,,
TEST,https://raw.githubusercontent.com/arimatiur/tflite_train_dataset/main/images/GAMBAR12.jpg,UGM,0.342058,0.409614,,,0.205776,0.151659,,
TEST,https://raw.githubusercontent.com/arimatiur/tflite_train_dataset/main/images/GAMBAR12.jpg,UNDIP,0.443592,0.271496,,,0.188628,0.139472,,
TEST,https://raw.githubusercontent.com/arimatiur/tflite_train_dataset/main/images/GAMBAR12.jpg,IPB,0.62861,0.34868,,,0.188628,0.11916,,
TRAIN,https://raw.githubusercontent.com/arimatiur/tflite_train_dataset/main/images/GAMBAR13.jpg,ITS,0.346615,0.488889,,,0.095312,0.164815,,
TRAIN,https://raw.githubusercontent.com/arimatiur/tflite_train_dataset/main/images/GAMBAR13.jpg,ITB,0.435937,0.600463,,,0.095833,0.152778,,
TRAIN,https://raw.githubusercontent.com/arimatiur/tflite_train_dataset/main/images/GAMBAR13.jpg,UI,0.522656,0.711111,,,0.097396,0.146296,,
TRAIN,https://raw.githubusercontent.com/arimatiur/tflite_train_dataset/main/images/GAMBAR13.jpg,UB,0.588021,0.588426,,,0.101042,0.158333,,
TRAIN,https://raw.githubusercontent.com/arimatiur/tflite_train_dataset/main/images/GAMBAR13.jpg,UNAIR,0.658854,0.428241,,,0.119792,0.202778,,
TRAIN,https://raw.githubusercontent.com/arimatiur/tflite_train_dataset/main/images/GAMBAR13.jpg,UNPAD,0.495312,0.465278,,,0.110417,0.176852,,
TRAIN,https://raw.githubusercontent.com/arimatiur/tflite_train_dataset/main/images/GAMBAR13.jpg,UGM,0.403125,0.354167,,,0.104167,0.191667,,
TRAIN,https://raw.githubusercontent.com/arimatiur/tflite_train_dataset/main/images/GAMBAR13.jpg,UNDIP,0.463802,0.174074,,,0.116146,0.203704,,
TRAIN,https://raw.githubusercontent.com/arimatiur/tflite_train_dataset/main/images/GAMBAR13.jpg,IPB,0.565365,0.3125,,,0.107813,0.178704,,
TRAIN,https://raw.githubusercontent.com/arimatiur/tflite_train_dataset/main/images/GAMBAR14.jpg,ITS,0.625,0.750463,,,0.114583,0.197222,,
TRAIN,https://raw.githubusercontent.com/arimatiur/tflite_train_dataset/main/images/GAMBAR14.jpg,UGM,0.507812,0.748148,,,0.116667,0.192593,,
TRAIN,https://raw.githubusercontent.com/arimatiur/tflite_train_dataset/main/images/GAMBAR14.jpg,UNDIP,0.376563,0.744444,,,0.119792,0.198148,,
TRAIN,https://raw.githubusercontent.com/arimatiur/tflite_train_dataset/main/images/GAMBAR14.jpg,IPB,0.38125,0.54213,,,0.101042,0.197222,,
TRAIN,https://raw.githubusercontent.com/arimatiur/tflite_train_dataset/main/images/GAMBAR14.jpg,UNPAD,0.504948,0.541204,,,0.119271,0.202778,,
TRAIN,https://raw.githubusercontent.com/arimatiur/tflite_train_dataset/main/images/GAMBAR14.jpg,ITB,0.628906,0.547685,,,0.113021,0.197222,,
TRAIN,https://raw.githubusercontent.com/arimatiur/tflite_train_dataset/main/images/GAMBAR14.jpg,UI,0.643229,0.331944,,,0.108333,0.221296,,
TRAIN,https://raw.githubusercontent.com/arimatiur/tflite_train_dataset/main/images/GAMBAR14.jpg,UB,0.514583,0.325463,,,0.115625,0.193519,,
TRAIN,https://raw.githubusercontent.com/arimatiur/tflite_train_dataset/main/images/GAMBAR14.jpg,UNAIR,0.376563,0.31713,,,0.126042,0.226852,,
TRAIN,https://raw.githubusercontent.com/arimatiur/tflite_train_dataset/main/images/GAMBAR15.jpg,ITS,0.35599,0.611111,,,0.121354,0.185185,,
TRAIN,https://raw.githubusercontent.com/arimatiur/tflite_train_dataset/main/images/GAMBAR15.jpg,ITB,0.477604,0.625463,,,0.115625,0.171296,,
TRAIN,https://raw.githubusercontent.com/arimatiur/tflite_train_dataset/main/images/GAMBAR15.jpg,UI,0.60026,0.644907,,,0.122396,0.158333,,
TRAIN,https://raw.githubusercontent.com/arimatiur/tflite_train_dataset/main/images/GAMBAR15.jpg,UB,0.613802,0.443981,,,0.113021,0.191667,,
TRAIN,https://raw.githubusercontent.com/arimatiur/tflite_train_dataset/main/images/GAMBAR15.jpg,UNPAD,0.482031,0.423611,,,0.118229,0.20463,,
TRAIN,https://raw.githubusercontent.com/arimatiur/tflite_train_dataset/main/images/GAMBAR15.jpg,UGM,0.348958,0.407407,,,0.128125,0.211111,,
TRAIN,https://raw.githubusercontent.com/arimatiur/tflite_train_dataset/main/images/GAMBAR15.jpg,UNDIP,0.354427,0.168056,,,0.130729,0.237963,,
TRAIN,https://raw.githubusercontent.com/arimatiur/tflite_train_dataset/main/images/GAMBAR15.jpg,IPB,0.489583,0.184722,,,0.122917,0.199074,,
TRAIN,https://raw.githubusercontent.com/arimatiur/tflite_train_dataset/main/images/GAMBAR15.jpg,UNAIR,0.622917,0.197685,,,0.128125,0.241667,,
TEST,https://raw.githubusercontent.com/arimatiur/tflite_train_dataset/main/images/GAMBAR16.jpg,ITS,0.52526,0.206019,,,0.121354,0.219444,,
TEST,https://raw.githubusercontent.com/arimatiur/tflite_train_dataset/main/images/GAMBAR16.jpg,ITB,0.407813,0.193056,,,0.103125,0.206481,,
TEST,https://raw.githubusercontent.com/arimatiur/tflite_train_dataset/main/images/GAMBAR16.jpg,UI,0.302604,0.171296,,,0.098958,0.190741,,
TEST,https://raw.githubusercontent.com/arimatiur/tflite_train_dataset/main/images/GAMBAR16.jpg,UB,0.298698,0.390278,,,0.088021,0.182407,,
TEST,https://raw.githubusercontent.com/arimatiur/tflite_train_dataset/main/images/GAMBAR16.jpg,UNPAD,0.397917,0.4125,,,0.101042,0.206481,,
TEST,https://raw.githubusercontent.com/arimatiur/tflite_train_dataset/main/images/GAMBAR16.jpg,UNAIR,0.29349,0.599074,,,0.094271,0.196296
TEST,https://raw.githubusercontent.com/arimatiur/tflite_train_dataset/main/images/GAMBAR16.jpg,UGM,0.513281,0.431019,,,0.119271,0.213889
TEST,https://raw.githubusercontent.com/arimatiur/tflite_train_dataset/main/images/GAMBAR16.jpg,UNDIP,0.502604,0.658333,,,0.109375,0.209259
TEST,https://raw.githubusercontent.com/arimatiur/tflite_train_dataset/main/images/GAMBAR16.jpg,IPB,0.39349,0.625463,,,0.095312,0.160185
TRAIN,https://raw.githubusercontent.com/arimatiur/tflite_train_dataset/main/images/GAMBAR17.jpg,ITS,0.568229,0.292593,,,0.122917,0.231481
TRAIN,https://raw.githubusercontent.com/arimatiur/tflite_train_dataset/main/images/GAMBAR17.jpg,ITB,0.56875,0.514815,,,0.117708,0.203704
TRAIN,https://raw.githubusercontent.com/arimatiur/tflite_train_dataset/main/images/GAMBAR17.jpg,UI,0.565104,0.712037,,,0.103125,0.185185
TRAIN,https://raw.githubusercontent.com/arimatiur/tflite_train_dataset/main/images/GAMBAR17.jpg,UB,0.690885,0.749074,,,0.111979,0.187037
TRAIN,https://raw.githubusercontent.com/arimatiur/tflite_train_dataset/main/images/GAMBAR17.jpg,UNAIR,0.827083,0.777778,,,0.132292,0.209259
TRAIN,https://raw.githubusercontent.com/arimatiur/tflite_train_dataset/main/images/GAMBAR17.jpg,UNPAD,0.695312,0.53287,,,0.120833,0.210185
TRAIN,https://raw.githubusercontent.com/arimatiur/tflite_train_dataset/main/images/GAMBAR17.jpg,UGM,0.697917,0.298148,,,0.132292,0.237037
TRAIN,https://raw.githubusercontent.com/arimatiur/tflite_train_dataset/main/images/GAMBAR17.jpg,UNDIP,0.847656,0.309722,,,0.135937,0.250926
TRAIN,https://raw.githubusercontent.com/arimatiur/tflite_train_dataset/main/images/GAMBAR17.jpg,IPB,0.83724,0.55463,,,0.115104,0.214815
TRAIN,https://raw.githubusercontent.com/arimatiur/tflite_train_dataset/main/images/GAMBAR18.jpg,ITS,0.594531,0.213426,,,0.106771,0.215741
TRAIN,https://raw.githubusercontent.com/arimatiur/tflite_train_dataset/main/images/GAMBAR18.jpg,ITB,0.596615,0.424074,,,0.099479,0.192593
TRAIN,https://raw.githubusercontent.com/arimatiur/tflite_train_dataset/main/images/GAMBAR18.jpg,UI,0.594271,0.622685,,,0.09375,0.189815
TRAIN,https://raw.githubusercontent.com/arimatiur/tflite_train_dataset/main/images/GAMBAR18.jpg,UB,0.707552,0.65,,,0.105729,0.190741
TRAIN,https://raw.githubusercontent.com/arimatiur/tflite_train_dataset/main/images/GAMBAR18.jpg,UNAIR,0.842187,0.684259,,,0.129167,0.224074
TRAIN,https://raw.githubusercontent.com/arimatiur/tflite_train_dataset/main/images/GAMBAR18.jpg,UNPAD,0.711979,0.436111,,,0.116667,0.211111
TRAIN,https://raw.githubusercontent.com/arimatiur/tflite_train_dataset/main/images/GAMBAR18.jpg,UGM,0.711979,0.208333,,,0.120833,0.224074
TRAIN,https://raw.githubusercontent.com/arimatiur/tflite_train_dataset/main/images/GAMBAR18.jpg,UNDIP,0.853646,0.209259,,,0.129167,0.224074
TRAIN,https://raw.githubusercontent.com/arimatiur/tflite_train_dataset/main/images/GAMBAR18.jpg,IPB,0.84375,0.450463,,,0.108333,0.219444
TRAIN,https://raw.githubusercontent.com/arimatiur/tflite_train_dataset/main/images/GAMBAR19.jpg,ITS,0.901823,0.240278,,,0.126562,0.269444
TRAIN,https://raw.githubusercontent.com/arimatiur/tflite_train_dataset/main/images/GAMBAR19.jpg,ITB,0.783594,0.275926,,,0.096354,0.227778
TRAIN,https://raw.githubusercontent.com/arimatiur/tflite_train_dataset/main/images/GAMBAR19.jpg,UI,0.685677,0.293519,,,0.089063,0.196296
TRAIN,https://raw.githubusercontent.com/arimatiur/tflite_train_dataset/main/images/GAMBAR19.jpg,UB,0.684115,0.525463,,,0.079687,0.199074
TRAIN,https://raw.githubusercontent.com/arimatiur/tflite_train_dataset/main/images/GAMBAR19.jpg,UNPAD,0.783333,0.531481,,,0.098958,0.231481
TRAIN,https://raw.githubusercontent.com/arimatiur/tflite_train_dataset/main/images/GAMBAR19.jpg,UNAIR,0.68151,0.751389,,,0.091146,0.215741
TRAIN,https://raw.githubusercontent.com/arimatiur/tflite_train_dataset/main/images/GAMBAR19.jpg,UGM,0.903646,0.524074,,,0.130208,0.275926
TRAIN,https://raw.githubusercontent.com/arimatiur/tflite_train_dataset/main/images/GAMBAR19.jpg,UNDIP,0.90651,0.818981,,,0.132812,0.256481
TRAIN,https://raw.githubusercontent.com/arimatiur/tflite_train_dataset/main/images/GAMBAR19.jpg,IPB,0.78099,0.783796,,,0.094271,0.189815
TRAIN,https://raw.githubusercontent.com/arimatiur/tflite_train_dataset/main/images/GAMBAR2.jpg,ITS,0.277978,0.234259,,,0.209386,0.162492
TRAIN,https://raw.githubusercontent.com/arimatiur/tflite_train_dataset/main/images/GAMBAR2.jpg,ITB,0.240975,0.394042,,,0.222022,0.167908
TRAIN,https://raw.githubusercontent.com/arimatiur/tflite_train_dataset/main/images/GAMBAR2.jpg,UI,0.1963,0.572444,,,0.23917,0.187542
TRAIN,https://raw.githubusercontent.com/arimatiur/tflite_train_dataset/main/images/GAMBAR2.jpg,UB,0.43231,0.602573,,,0.17509,0.166554
TRAIN,https://raw.githubusercontent.com/arimatiur/tflite_train_dataset/main/images/GAMBAR2.jpg,UNAIR,0.625,0.624915,,,0.170578,0.148951
TRAIN,https://raw.githubusercontent.com/arimatiur/tflite_train_dataset/main/images/GAMBAR2.jpg,UNPAD,0.455776,0.443466,,,0.185921,0.147596
TRAIN,https://raw.githubusercontent.com/arimatiur/tflite_train_dataset/main/images/GAMBAR2.jpg,IPB,0.629061,0.480366,,,0.140794,0.127962
TRAIN,https://raw.githubusercontent.com/arimatiur/tflite_train_dataset/main/images/GAMBAR2.jpg,UNDIP,0.634477,0.345972,,,0.148014,0.134056
TRAIN,https://raw.githubusercontent.com/arimatiur/tflite_train_dataset/main/images/GAMBAR2.jpg,UGM,0.468412,0.301286,,,0.169675,0.151659
TRAIN,https://raw.githubusercontent.com/arimatiur/tflite_train_dataset/main/images/GAMBAR20.jpg,ITS,0.434896,0.531481,,,0.110417,0.207407
TRAIN,https://raw.githubusercontent.com/arimatiur/tflite_train_dataset/main/images/GAMBAR20.jpg,ITB,0.541667,0.653704,,,0.115625,0.216667
TRAIN,https://raw.githubusercontent.com/arimatiur/tflite_train_dataset/main/images/GAMBAR20.jpg,UI,0.657813,0.793519,,,0.13125,0.214815
TRAIN,https://raw.githubusercontent.com/arimatiur/tflite_train_dataset/main/images/GAMBAR20.jpg,UB,0.735417,0.581944,,,0.13125,0.212037
TRAIN,https://raw.githubusercontent.com/arimatiur/tflite_train_dataset/main/images/GAMBAR20.jpg,UNAIR,0.809115,0.346296,,,0.149479,0.253704
TRAIN,https://raw.githubusercontent.com/arimatiur/tflite_train_dataset/main/images/GAMBAR20.jpg,UNPAD,0.609375,0.445833,,,0.127083,0.226852
TRAIN,https://raw.githubusercontent.com/arimatiur/tflite_train_dataset/main/images/GAMBAR20.jpg,UGM,0.501823,0.334259,,,0.124479,0.235185
TRAIN,https://raw.githubusercontent.com/arimatiur/tflite_train_dataset/main/images/GAMBAR20.jpg,UNDIP,0.566406,0.118981,,,0.116146,0.199074
TRAIN,https://raw.githubusercontent.com/arimatiur/tflite_train_dataset/main/images/GAMBAR20.jpg,IPB,0.684896,0.227315,,,0.125,0.206481
TEST,https://raw.githubusercontent.com/arimatiur/tflite_train_dataset/main/images/GAMBAR21.jpg,ITS,0.522135,0.347685,,,0.114062,0.208333
TEST,https://raw.githubusercontent.com/arimatiur/tflite_train_dataset/main/images/GAMBAR21.jpg,ITB,0.573698,0.544907,,,0.116146,0.19537
TEST,https://raw.githubusercontent.com/arimatiur/tflite_train_dataset/main/images/GAMBAR21.jpg,UI,0.617708,0.744907,,,0.117708,0.197222
TEST,https://raw.githubusercontent.com/arimatiur/tflite_train_dataset/main/images/GAMBAR21.jpg,UB,0.73776,0.668056,,,0.119271,0.193519
TEST,https://raw.githubusercontent.com/arimatiur/tflite_train_dataset/main/images/GAMBAR21.jpg,UNAIR,0.869792,0.580556,,,0.138542,0.227778
TEST,https://raw.githubusercontent.com/arimatiur/tflite_train_dataset/main/images/GAMBAR21.jpg,UNPAD,0.6875,0.458796,,,0.129167,0.208333
TEST,https://raw.githubusercontent.com/arimatiur/tflite_train_dataset/main/images/GAMBAR21.jpg,UGM,0.635677,0.259722,,,0.132812,0.219444
TEST,https://raw.githubusercontent.com/arimatiur/tflite_train_dataset/main/images/GAMBAR21.jpg,UNDIP,0.759375,0.132407,,,0.13125,0.225926
TEST,https://raw.githubusercontent.com/arimatiur/tflite_train_dataset/main/images/GAMBAR21.jpg,IPB,0.814063,0.364815,,,0.114583,0.214815
TEST,https://raw.githubusercontent.com/arimatiur/tflite_train_dataset/main/images/GAMBAR22.jpg,ITS,0.510156,0.170833,,,0.121354,0.191667
TEST,https://raw.githubusercontent.com/arimatiur/tflite_train_dataset/main/images/GAMBAR22.jpg,ITB,0.502865,0.371759,,,0.119271,0.202778
TEST,https://raw.githubusercontent.com/arimatiur/tflite_train_dataset/main/images/GAMBAR22.jpg,UI,0.492188,0.602778,,,0.117708,0.235185
TEST,https://raw.githubusercontent.com/arimatiur/tflite_train_dataset/main/images/GAMBAR22.jpg,UB,0.633333,0.604167,,,0.123958,0.215741
TEST,https://raw.githubusercontent.com/arimatiur/tflite_train_dataset/main/images/GAMBAR22.jpg,UNAIR,0.783594,0.610648,,,0.139063,0.228704
TEST,https://raw.githubusercontent.com/arimatiur/tflite_train_dataset/main/images/GAMBAR22.jpg,UNPAD,0.636979,0.377778,,,0.135417,0.192593
TEST,https://raw.githubusercontent.com/arimatiur/tflite_train_dataset/main/images/GAMBAR22.jpg,UGM,0.635677,0.166667,,,0.126562,0.216667
TEST,https://raw.githubusercontent.com/arimatiur/tflite_train_dataset/main/images/GAMBAR22.jpg,UNDIP,0.77474,0.171296,,,0.126562,0.203704
TEST,https://raw.githubusercontent.com/arimatiur/tflite_train_dataset/main/images/GAMBAR22.jpg,IPB,0.770833,0.386111,,,0.110417,0.196296
TEST,https://raw.githubusercontent.com/arimatiur/tflite_train_dataset/main/images/GAMBAR23.jpg,ITS,0.815365,0.089352,,,0.136979,0.176852
TEST,https://raw.githubusercontent.com/arimatiur/tflite_train_dataset/main/images/GAMBAR23.jpg,ITB,0.696094,0.198611,,,0.123438,0.210185
TEST,https://raw.githubusercontent.com/arimatiur/tflite_train_dataset/main/images/GAMBAR23.jpg,UI,0.582031,0.313889,,,0.102604,0.205556
TEST,https://raw.githubusercontent.com/arimatiur/tflite_train_dataset/main/images/GAMBAR23.jpg,UB,0.64375,0.512963,,,0.1125,0.205556
TEST,https://raw.githubusercontent.com/arimatiur/tflite_train_dataset/main/images/GAMBAR23.jpg,UNAIR,0.716927,0.734259,,,0.128646,0.231481
TEST,https://raw.githubusercontent.com/arimatiur/tflite_train_dataset/main/images/GAMBAR23.jpg,UNPAD,0.763802,0.401852,,,0.127604,0.222222
TEST,https://raw.githubusercontent.com/arimatiur/tflite_train_dataset/main/images/GAMBAR23.jpg,UGM,0.879167,0.269907,,,0.138542,0.243519
TEST,https://raw.githubusercontent.com/arimatiur/tflite_train_dataset/main/images/GAMBAR23.jpg,UNDIP,0.946615,0.513426,,,0.106771,0.243519
TEST,https://raw.githubusercontent.com/arimatiur/tflite_train_dataset/main/images/GAMBAR23.jpg,IPB,0.831771,0.618056,,,0.119792,0.189815
TRAIN,https://raw.githubusercontent.com/arimatiur/tflite_train_dataset/main/images/GAMBAR24.jpg,ITS,0.623698,0.193981,,,0.126562,0.223148
TRAIN,https://raw.githubusercontent.com/arimatiur/tflite_train_dataset/main/images/GAMBAR24.jpg,ITB,0.57474,0.412037,,,0.125521,0.22963
TRAIN,https://raw.githubusercontent.com/arimatiur/tflite_train_dataset/main/images/GAMBAR24.jpg,UI,0.520312,0.636111,,,0.125,0.235185
TRAIN,https://raw.githubusercontent.com/arimatiur/tflite_train_dataset/main/images/GAMBAR24.jpg,UB,0.65599,0.728704,,,0.119271,0.231481
TRAIN,https://raw.githubusercontent.com/arimatiur/tflite_train_dataset/main/images/GAMBAR24.jpg,UNAIR,0.78776,0.802778,,,0.130729,0.242593
TRAIN,https://raw.githubusercontent.com/arimatiur/tflite_train_dataset/main/images/GAMBAR24.jpg,UNPAD,0.694792,0.498148,,,0.114583,0.224074
TRAIN,https://raw.githubusercontent.com/arimatiur/tflite_train_dataset/main/images/GAMBAR24.jpg,UGM,0.748437,0.282407,,,0.134375,0.244444
TRAIN,https://raw.githubusercontent.com/arimatiur/tflite_train_dataset/main/images/GAMBAR24.jpg,UNDIP,0.877604,0.373148,,,0.130208,0.22963
TRAIN,https://raw.githubusercontent.com/arimatiur/tflite_train_dataset/main/images/GAMBAR24.jpg,IPB,0.814323,0.583796,,,0.107813,0.208333
TRAIN,https://raw.githubusercontent.com/arimatiur/tflite_train_dataset/main/images/GAMBAR25.jpg,ITS,0.833854,0.801852,,,0.116667,0.22037
TRAIN,https://raw.githubusercontent.com/arimatiur/tflite_train_dataset/main/images/GAMBAR25.jpg,ITB,0.850521,0.579167,,,0.116667,0.20463
TRAIN,https://raw.githubusercontent.com/arimatiur/tflite_train_dataset/main/images/GAMBAR25.jpg,UI,0.873177,0.368519,,,0.109896,0.201852
TRAIN,https://raw.githubusercontent.com/arimatiur/tflite_train_dataset/main/images/GAMBAR25.jpg,UB,0.741667,0.349074,,,0.10625,0.177778
TRAIN,https://raw.githubusercontent.com/arimatiur/tflite_train_dataset/main/images/GAMBAR25.jpg,UNAIR,0.620313,0.333796,,,0.109375,0.193519
TRAIN,https://raw.githubusercontent.com/arimatiur/tflite_train_dataset/main/images/GAMBAR25.jpg,UNPAD,0.728906,0.550463,,,0.110937,0.191667
TRAIN,https://raw.githubusercontent.com/arimatiur/tflite_train_dataset/main/images/GAMBAR25.jpg,UGM,0.717708,0.753704,,,0.10625,0.201852
TRAIN,https://raw.githubusercontent.com/arimatiur/tflite_train_dataset/main/images/GAMBAR25.jpg,UNDIP,0.604427,0.719444,,,0.104688,0.188889
TRAIN,https://raw.githubusercontent.com/arimatiur/tflite_train_dataset/main/images/GAMBAR25.jpg,IPB,0.615365,0.528704,,,0.084896,0.175926
TRAIN,https://raw.githubusercontent.com/arimatiur/tflite_train_dataset/main/images/GAMBAR26.jpg,ITS,0.714323,0.8,,,0.126562,0.237037
TRAIN,https://raw.githubusercontent.com/arimatiur/tflite_train_dataset/main/images/GAMBAR26.jpg,ITB,0.79375,0.601389,,,0.132292,0.226852
TRAIN,https://raw.githubusercontent.com/arimatiur/tflite_train_dataset/main/images/GAMBAR26.jpg,UI,0.876823,0.40463,,,0.127604,0.214815
TRAIN,https://raw.githubusercontent.com/arimatiur/tflite_train_dataset/main/images/GAMBAR26.jpg,UB,0.753646,0.274537,,,0.117708,0.20463
TRAIN,https://raw.githubusercontent.com/arimatiur/tflite_train_dataset/main/images/GAMBAR26.jpg,UNAIR,0.632552,0.164352,,,0.124479,0.228704
TRAIN,https://raw.githubusercontent.com/arimatiur/tflite_train_dataset/main/images/GAMBAR26.jpg,UNPAD,0.679948,0.471296,,,0.124479,0.212963
TRAIN,https://raw.githubusercontent.com/arimatiur/tflite_train_dataset/main/images/GAMBAR26.jpg,UGM,0.616927,0.664815,,,0.122396,0.214815
TRAIN,https://raw.githubusercontent.com/arimatiur/tflite_train_dataset/main/images/GAMBAR26.jpg,UNDIP,0.513802,0.546296,,,0.114062,0.211111
TRAIN,https://raw.githubusercontent.com/arimatiur/tflite_train_dataset/main/images/GAMBAR26.jpg,IPB,0.573177,0.353241,,,0.111979,0.226852
VALIDATION,https://raw.githubusercontent.com/arimatiur/tflite_train_dataset/main/images/GAMBAR27.jpg,UNDIP,0.413281,0.24537,,,0.107813,0.2
VALIDATION,https://raw.githubusercontent.com/arimatiur/tflite_train_dataset/main/images/GAMBAR27.jpg,IPB,0.523698,0.25787,,,0.100521,0.156481
VALIDATION,https://raw.githubusercontent.com/arimatiur/tflite_train_dataset/main/images/GAMBAR27.jpg,UNAIR,0.632292,0.271296,,,0.103125,0.188889
VALIDATION,https://raw.githubusercontent.com/arimatiur/tflite_train_dataset/main/images/GAMBAR27.jpg,UGM,0.410156,0.452778,,,0.116146,0.185185
VALIDATION,https://raw.githubusercontent.com/arimatiur/tflite_train_dataset/main/images/GAMBAR27.jpg,UNPAD,0.516667,0.458796,,,0.109375,0.178704
VALIDATION,https://raw.githubusercontent.com/arimatiur/tflite_train_dataset/main/images/GAMBAR27.jpg,UB,0.623958,0.471296,,,0.092708,0.175926
VALIDATION,https://raw.githubusercontent.com/arimatiur/tflite_train_dataset/main/images/GAMBAR27.jpg,UI,0.618229,0.675926,,,0.104167,0.168519
VALIDATION,https://raw.githubusercontent.com/arimatiur/tflite_train_dataset/main/images/GAMBAR27.jpg,ITB,0.509115,0.652778,,,0.105729,0.17963
VALIDATION,https://raw.githubusercontent.com/arimatiur/tflite_train_dataset/main/images/GAMBAR27.jpg,ITS,0.4,0.641667,,,0.109375,0.192593
TRAIN,https://raw.githubusercontent.com/arimatiur/tflite_train_dataset/main/images/GAMBAR28.jpg,ITS,0.616146,0.730093,,,0.1,0.186111
TRAIN,https://raw.githubusercontent.com/arimatiur/tflite_train_dataset/main/images/GAMBAR28.jpg,ITB,0.61875,0.546296,,,0.095833,0.175926
TRAIN,https://raw.githubusercontent.com/arimatiur/tflite_train_dataset/main/images/GAMBAR28.jpg,UI,0.626302,0.356019,,,0.096354,0.182407
TRAIN,https://raw.githubusercontent.com/arimatiur/tflite_train_dataset/main/images/GAMBAR28.jpg,UB,0.516927,0.356944,,,0.097396,0.173148
TRAIN,https://raw.githubusercontent.com/arimatiur/tflite_train_dataset/main/images/GAMBAR28.jpg,UNAIR,0.398698,0.353704,,,0.108854,0.177778
TRAIN,https://raw.githubusercontent.com/arimatiur/tflite_train_dataset/main/images/GAMBAR28.jpg,UNPAD,0.511719,0.536111,,,0.104688,0.168519
TRAIN,https://raw.githubusercontent.com/arimatiur/tflite_train_dataset/main/images/GAMBAR28.jpg,UGM,0.515365,0.718519,,,0.097396,0.17963
TRAIN,https://raw.githubusercontent.com/arimatiur/tflite_train_dataset/main/images/GAMBAR28.jpg,UNDIP,0.404427,0.712963,,,0.098437,0.181481
TRAIN,https://raw.githubusercontent.com/arimatiur/tflite_train_dataset/main/images/GAMBAR28.jpg,IPB,0.40651,0.533333,,,0.080729,0.166667
TRAIN,https://raw.githubusercontent.com/arimatiur/tflite_train_dataset/main/images/GAMBAR29.jpg,ITS,0.407813,0.759259,,,0.053125,0.088889
TRAIN,https://raw.githubusercontent.com/arimatiur/tflite_train_dataset/main/images/GAMBAR29.jpg,ITB,0.459896,0.756944,,,0.047917,0.078704
TRAIN,https://raw.githubusercontent.com/arimatiur/tflite_train_dataset/main/images/GAMBAR29.jpg,UI,0.5125,0.763426,,,0.052083,0.076852
TRAIN,https://raw.githubusercontent.com/arimatiur/tflite_train_dataset/main/images/GAMBAR29.jpg,UB,0.515365,0.67037,,,0.049479,0.077778
TRAIN,https://raw.githubusercontent.com/arimatiur/tflite_train_dataset/main/images/GAMBAR29.jpg,UNAIR,0.515625,0.572222,,,0.051042,0.092593
TRAIN,https://raw.githubusercontent.com/arimatiur/tflite_train_dataset/main/images/GAMBAR29.jpg,UNPAD,0.461458,0.666667,,,0.053125,0.092593
TRAIN,https://raw.githubusercontent.com/arimatiur/tflite_train_dataset/main/images/GAMBAR29.jpg,UGM,0.407031,0.668981,,,0.054688,0.091667
TRAIN,https://raw.githubusercontent.com/arimatiur/tflite_train_dataset/main/images/GAMBAR29.jpg,UNDIP,0.408854,0.570833,,,0.048958,0.089815
TRAIN,https://raw.githubusercontent.com/arimatiur/tflite_train_dataset/main/images/GAMBAR29.jpg,IPB,0.46276,0.575463,,,0.051562,0.086111
TRAIN,https://raw.githubusercontent.com/arimatiur/tflite_train_dataset/main/images/GAMBAR3.jpg,UB,0.418321,0.567366,,,0.172383,0.143534
TRAIN,https://raw.githubusercontent.com/arimatiur/tflite_train_dataset/main/images/GAMBAR3.jpg,UNAIR,0.53565,0.681449,,,0.165162,0.15369
TRAIN,https://raw.githubusercontent.com/arimatiur/tflite_train_dataset/main/images/GAMBAR3.jpg,UI,0.297383,0.429926,,,0.212094,0.178741
TRAIN,https://raw.githubusercontent.com/arimatiur/tflite_train_dataset/main/images/GAMBAR3.jpg,ITB,0.467509,0.332431,,,0.180505,0.167908
TRAIN,https://raw.githubusercontent.com/arimatiur/tflite_train_dataset/main/images/GAMBAR3.jpg,ITS,0.606047,0.246107,,,0.156137,0.163169
TRAIN,https://raw.githubusercontent.com/arimatiur/tflite_train_dataset/main/images/GAMBAR3.jpg,UNPAD,0.564531,0.466486,,,0.147112,0.150305
TRAIN,https://raw.githubusercontent.com/arimatiur/tflite_train_dataset/main/images/GAMBAR3.jpg,UGM,0.678249,0.377454,,,0.138087,0.146919
TRAIN,https://raw.githubusercontent.com/arimatiur/tflite_train_dataset/main/images/GAMBAR3.jpg,IPB,0.652076,0.575152,,,0.125451,0.142857
TRAIN,https://raw.githubusercontent.com/arimatiur/tflite_train_dataset/main/images/GAMBAR3.jpg,UNDIP,0.763538,0.494584,,,0.120939,0.117129
TRAIN,https://raw.githubusercontent.com/arimatiur/tflite_train_dataset/main/images/GAMBAR30.jpg,ITS,0.419792,0.634259,,,0.063542,0.109259
TRAIN,https://raw.githubusercontent.com/arimatiur/tflite_train_dataset/main/images/GAMBAR30.jpg,ITB,0.422396,0.740741,,,0.059375,0.1
TRAIN,https://raw.githubusercontent.com/arimatiur/tflite_train_dataset/main/images/GAMBAR30.jpg,UI,0.421354,0.847222,,,0.05625,0.101852
TRAIN,https://raw.githubusercontent.com/arimatiur/tflite_train_dataset/main/images/GAMBAR30.jpg,UB,0.482552,0.846296,,,0.054688,0.1
TRAIN,https://raw.githubusercontent.com/arimatiur/tflite_train_dataset/main/images/GAMBAR30.jpg,UNAIR,0.544792,0.833333,,,0.058333,0.1
TRAIN,https://raw.githubusercontent.com/arimatiur/tflite_train_dataset/main/images/GAMBAR30.jpg,UNPAD,0.485677,0.738889,,,0.055729,0.096296
TRAIN,https://raw.githubusercontent.com/arimatiur/tflite_train_dataset/main/images/GAMBAR30.jpg,UGM,0.483594,0.62963,,,0.060937,0.109259
TRAIN,https://raw.githubusercontent.com/arimatiur/tflite_train_dataset/main/images/GAMBAR30.jpg,UNDIP,0.54401,0.619444,,,0.054688,0.105556
TRAIN,https://raw.githubusercontent.com/arimatiur/tflite_train_dataset/main/images/GAMBAR30.jpg,IPB,0.545573,0.730556,,,0.047396,0.101852
TRAIN,https://raw.githubusercontent.com/arimatiur/tflite_train_dataset/main/images/GAMBAR31.jpg,ITS,0.400521,0.60787,,,0.06875,0.106481
TRAIN,https://raw.githubusercontent.com/arimatiur/tflite_train_dataset/main/images/GAMBAR31.jpg,ITB,0.44375,0.701389,,,0.065625,0.099074
TRAIN,https://raw.githubusercontent.com/arimatiur/tflite_train_dataset/main/images/GAMBAR31.jpg,UI,0.481771,0.789815,,,0.059375,0.101852
TRAIN,https://raw.githubusercontent.com/arimatiur/tflite_train_dataset/main/images/GAMBAR31.jpg,UB,0.536198,0.728704,,,0.065104,0.105556
TRAIN,https://raw.githubusercontent.com/arimatiur/tflite_train_dataset/main/images/GAMBAR31.jpg,UNAIR,0.582812,0.647685,,,0.053125,0.110185
TRAIN,https://raw.githubusercontent.com/arimatiur/tflite_train_dataset/main/images/GAMBAR31.jpg,UNPAD,0.498698,0.638889,,,0.070312,0.098148
TRAIN,https://raw.githubusercontent.com/arimatiur/tflite_train_dataset/main/images/GAMBAR31.jpg,UGM,0.453385,0.543519,,,0.070312,0.122222
TRAIN,https://raw.githubusercontent.com/arimatiur/tflite_train_dataset/main/images/GAMBAR31.jpg,UNDIP,0.505729,0.458796,,,0.063542,0.119444
TRAIN,https://raw.githubusercontent.com/arimatiur/tflite_train_dataset/main/images/GAMBAR31.jpg,IPB,0.544531,0.556944,,,0.052604,0.113889
TEST,https://raw.githubusercontent.com/arimatiur/tflite_train_dataset/main/images/GAMBAR32.jpg,ITS,0.463802,0.547685,,,0.072396,0.130556
TEST,https://raw.githubusercontent.com/arimatiur/tflite_train_dataset/main/images/GAMBAR32.jpg,ITB,0.429688,0.662963,,,0.067708,0.127778
TEST,https://raw.githubusercontent.com/arimatiur/tflite_train_dataset/main/images/GAMBAR32.jpg,UI,0.392969,0.771296,,,0.064062,0.12037
TEST,https://raw.githubusercontent.com/arimatiur/tflite_train_dataset/main/images/GAMBAR32.jpg,UB,0.458073,0.843981,,,0.064062,0.108333
TEST,https://raw.githubusercontent.com/arimatiur/tflite_train_dataset/main/images/GAMBAR32.jpg,UNAIR,0.521354,0.883333,,,0.0625,0.105556
TEST,https://raw.githubusercontent.com/arimatiur/tflite_train_dataset/main/images/GAMBAR32.jpg,UNPAD,0.491927,0.728704,,,0.067187,0.127778
TEST,https://raw.githubusercontent.com/arimatiur/tflite_train_dataset/main/images/GAMBAR32.jpg,UGM,0.528125,0.618981,,,0.072917,0.137963
TEST,https://raw.githubusercontent.com/arimatiur/tflite_train_dataset/main/images/GAMBAR32.jpg,UNDIP,0.591146,0.659259,,,0.069792,0.131481
TEST,https://raw.githubusercontent.com/arimatiur/tflite_train_dataset/main/images/GAMBAR32.jpg,IPB,0.553646,0.775,,,0.065625,0.124074
TRAIN,https://raw.githubusercontent.com/arimatiur/tflite_train_dataset/main/images/GAMBAR33.jpg,ITS,0.56224,0.740278,,,0.070312,0.123148
TRAIN,https://raw.githubusercontent.com/arimatiur/tflite_train_dataset/main/images/GAMBAR33.jpg,ITB,0.560156,0.611111,,,0.065104,0.112963
TRAIN,https://raw.githubusercontent.com/arimatiur/tflite_train_dataset/main/images/GAMBAR33.jpg,UI,0.559896,0.484722,,,0.064583,0.130556
TRAIN,https://raw.githubusercontent.com/arimatiur/tflite_train_dataset/main/images/GAMBAR33.jpg,UNDIP,0.417969,0.738426,,,0.067187,0.119444
TRAIN,https://raw.githubusercontent.com/arimatiur/tflite_train_dataset/main/images/GAMBAR33.jpg,IPB,0.416146,0.616667,,,0.05625,0.112963
TRAIN,https://raw.githubusercontent.com/arimatiur/tflite_train_dataset/main/images/GAMBAR33.jpg,UNAIR,0.413802,0.490741,,,0.072396,0.124074
TRAIN,https://raw.githubusercontent.com/arimatiur/tflite_train_dataset/main/images/GAMBAR33.jpg,UGM,0.491667,0.738426,,,0.067708,0.119444
TRAIN,https://raw.githubusercontent.com/arimatiur/tflite_train_dataset/main/images/GAMBAR33.jpg,UNPAD,0.486979,0.616667,,,0.064583,0.124074
TRAIN,https://raw.githubusercontent.com/arimatiur/tflite_train_dataset/main/images/GAMBAR33.jpg,UB,0.4875,0.489352,,,0.0625,0.112037
TRAIN,https://raw.githubusercontent.com/arimatiur/tflite_train_dataset/main/images/GAMBAR34.jpg,ITS,0.350521,0.623148,,,0.094792,0.155556
TRAIN,https://raw.githubusercontent.com/arimatiur/tflite_train_dataset/main/images/GAMBAR34.jpg,ITB,0.446094,0.616667,,,0.089063,0.148148
TRAIN,https://raw.githubusercontent.com/arimatiur/tflite_train_dataset/main/images/GAMBAR34.jpg,UI,0.538542,0.614815,,,0.0875,0.135185
TRAIN,https://raw.githubusercontent.com/arimatiur/tflite_train_dataset/main/images/GAMBAR34.jpg,UB,0.345573,0.455556,,,0.097396,0.168519
TRAIN,https://raw.githubusercontent.com/arimatiur/tflite_train_dataset/main/images/GAMBAR34.jpg,UNAIR,0.445573,0.450926,,,0.093229,0.164815
TRAIN,https://raw.githubusercontent.com/arimatiur/tflite_train_dataset/main/images/GAMBAR34.jpg,UNPAD,0.541406,0.447685,,,0.082812,0.147222
TRAIN,https://raw.githubusercontent.com/arimatiur/tflite_train_dataset/main/images/GAMBAR34.jpg,UGM,0.342187,0.267593,,,0.096875,0.174074
TRAIN,https://raw.githubusercontent.com/arimatiur/tflite_train_dataset/main/images/GAMBAR34.jpg,UNDIP,0.44401,0.268519,,,0.089063,0.144444
TRAIN,https://raw.githubusercontent.com/arimatiur/tflite_train_dataset/main/images/GAMBAR34.jpg,IPB,0.544271,0.265278,,,0.097917,0.176852
TRAIN,https://raw.githubusercontent.com/arimatiur/tflite_train_dataset/main/images/GAMBAR35.jpg,ITS,0.31875,0.52963,,,0.101042,0.168519
TRAIN,https://raw.githubusercontent.com/arimatiur/tflite_train_dataset/main/images/GAMBAR35.jpg,ITB,0.394792,0.638426,,,0.09375,0.152778
TRAIN,https://raw.githubusercontent.com/arimatiur/tflite_train_dataset/main/images/GAMBAR35.jpg,UI,0.464583,0.749537,,,0.090625,0.14537
TRAIN,https://raw.githubusercontent.com/arimatiur/tflite_train_dataset/main/images/GAMBAR35.jpg,UB,0.390625,0.400926,,,0.101042,0.185185
TRAIN,https://raw.githubusercontent.com/arimatiur/tflite_train_dataset/main/images/GAMBAR35.jpg,UNAIR,0.464844,0.506481,,,0.097396,0.161111
TRAIN,https://raw.githubusercontent.com/arimatiur/tflite_train_dataset/main/images/GAMBAR35.jpg,UNPAD,0.536198,0.624074,,,0.082812,0.146296
TRAIN,https://raw.githubusercontent.com/arimatiur/tflite_train_dataset/main/images/GAMBAR35.jpg,UGM,0.4625,0.245833,,,0.098958,0.178704
TRAIN,https://raw.githubusercontent.com/arimatiur/tflite_train_dataset/main/images/GAMBAR35.jpg,UNDIP,0.538542,0.379167,,,0.082292,0.150926
TRAIN,https://raw.githubusercontent.com/arimatiur/tflite_train_dataset/main/images/GAMBAR35.jpg,IPB,0.604427,0.486574,,,0.093229,0.169444
TRAIN,https://raw.githubusercontent.com/arimatiur/tflite_train_dataset/main/images/GAMBAR36.jpg,ITS,0.667969,0.707407,,,0.075521,0.138889
TRAIN,https://raw.githubusercontent.com/arimatiur/tflite_train_dataset/main/images/GAMBAR36.jpg,ITB,0.586719,0.71713,,,0.078646,0.139815
TRAIN,https://raw.githubusercontent.com/arimatiur/tflite_train_dataset/main/images/GAMBAR36.jpg,UI,0.498698,0.714815,,,0.084896,0.137037
TRAIN,https://raw.githubusercontent.com/arimatiur/tflite_train_dataset/main/images/GAMBAR36.jpg,UNPAD,0.499479,0.868981,,,0.078125,0.136111
TRAIN,https://raw.githubusercontent.com/arimatiur/tflite_train_dataset/main/images/GAMBAR36.jpg,UNAIR,0.585156,0.871296,,,0.076563,0.140741
TRAIN,https://raw.githubusercontent.com/arimatiur/tflite_train_dataset/main/images/GAMBAR36.jpg,UB,0.66276,0.853704,,,0.069271,0.135185
TRAIN,https://raw.githubusercontent.com/arimatiur/tflite_train_dataset/main/images/GAMBAR36.jpg,IPB,0.499479,0.978241,,,0.079167,0.043519
TRAIN,https://raw.githubusercontent.com/arimatiur/tflite_train_dataset/main/images/GAMBAR36.jpg,UNDIP,0.58099,0.978704,,,0.070312,0.042593
TRAIN,https://raw.githubusercontent.com/arimatiur/tflite_train_dataset/main/images/GAMBAR36.jpg,UGM,0.658594,0.964815,,,0.072396,0.07037
TEST,https://raw.githubusercontent.com/arimatiur/tflite_train_dataset/main/images/GAMBAR37.jpg,ITS,0.372656,0.365278,,,0.100521,0.180556
TEST,https://raw.githubusercontent.com/arimatiur/tflite_train_dataset/main/images/GAMBAR37.jpg,ITB,0.35599,0.544444,,,0.094271,0.161111
TEST,https://raw.githubusercontent.com/arimatiur/tflite_train_dataset/main/images/GAMBAR37.jpg,UI,0.342448,0.711574,,,0.091146,0.15463
TEST,https://raw.githubusercontent.com/arimatiur/tflite_train_dataset/main/images/GAMBAR37.jpg,UNPAD,0.443229,0.74213,,,0.084375,0.15463
TEST,https://raw.githubusercontent.com/arimatiur/tflite_train_dataset/main/images/GAMBAR37.jpg,UNAIR,0.464062,0.572685,,,0.094792,0.163889
TEST,https://raw.githubusercontent.com/arimatiur/tflite_train_dataset/main/images/GAMBAR37.jpg,UB,0.473177,0.397685,,,0.094271,0.167593
TEST,https://raw.githubusercontent.com/arimatiur/tflite_train_dataset/main/images/GAMBAR37.jpg,UGM,0.578125,0.425926,,,0.092708,0.166667
TEST,https://raw.githubusercontent.com/arimatiur/tflite_train_dataset/main/images/GAMBAR37.jpg,UNDIP,0.559375,0.597222,,,0.080208,0.159259
TEST,https://raw.githubusercontent.com/arimatiur/tflite_train_dataset/main/images/GAMBAR37.jpg,IPB,0.544271,0.7625,,,0.095833,0.162037
TRAIN,https://raw.githubusercontent.com/arimatiur/tflite_train_dataset/main/images/GAMBAR38.jpg,ITS,0.384635,0.180556,,,0.110937,0.207407
TRAIN,https://raw.githubusercontent.com/arimatiur/tflite_train_dataset/main/images/GAMBAR38.jpg,ITB,0.304688,0.315278,,,0.109375,0.184259
TRAIN,https://raw.githubusercontent.com/arimatiur/tflite_train_dataset/main/images/GAMBAR38.jpg,UI,0.21901,0.431019,,,0.102604,0.184259
TRAIN,https://raw.githubusercontent.com/arimatiur/tflite_train_dataset/main/images/GAMBAR38.jpg,UB,0.45651,0.338889,,,0.110937,0.190741
TRAIN,https://raw.githubusercontent.com/arimatiur/tflite_train_dataset/main/images/GAMBAR38.jpg,UNAIR,0.38099,0.466204,,,0.104688,0.182407
TRAIN,https://raw.githubusercontent.com/arimatiur/tflite_train_dataset/main/images/GAMBAR38.jpg,UNPAD,0.298438,0.583796,,,0.09375,0.165741
TRAIN,https://raw.githubusercontent.com/arimatiur/tflite_train_dataset/main/images/GAMBAR38.jpg,UGM,0.536719,0.482407,,,0.099479,0.168519
TRAIN,https://raw.githubusercontent.com/arimatiur/tflite_train_dataset/main/images/GAMBAR38.jpg,UNDIP,0.450521,0.611574,,,0.092708,0.147222
TRAIN,https://raw.githubusercontent.com/arimatiur/tflite_train_dataset/main/images/GAMBAR38.jpg,IPB,0.376563,0.728241,,,0.102083,0.171296
TRAIN,https://raw.githubusercontent.com/arimatiur/tflite_train_dataset/main/images/GAMBAR39.jpg,ITS,0.552604,0.327315,,,0.090625,0.173148
TRAIN,https://raw.githubusercontent.com/arimatiur/tflite_train_dataset/main/images/GAMBAR39.jpg,ITB,0.551562,0.50463,,,0.091667,0.164815
TRAIN,https://raw.githubusercontent.com/arimatiur/tflite_train_dataset/main/images/GAMBAR39.jpg,UI,0.541406,0.673148,,,0.082812,0.162963
TRAIN,https://raw.githubusercontent.com/arimatiur/tflite_train_dataset/main/images/GAMBAR39.jpg,UB,0.645052,0.331481,,,0.086979,0.164815
TRAIN,https://raw.githubusercontent.com/arimatiur/tflite_train_dataset/main/images/GAMBAR39.jpg,UNAIR,0.642188,0.503704,,,0.083333,0.155556
TRAIN,https://raw.githubusercontent.com/arimatiur/tflite_train_dataset/main/images/GAMBAR39.jpg,UNPAD,0.638802,0.667593,,,0.076563,0.148148
TRAIN,https://raw.githubusercontent.com/arimatiur/tflite_train_dataset/main/images/GAMBAR39.jpg,UGM,0.734375,0.3375,,,0.071875,0.165741
TRAIN,https://raw.githubusercontent.com/arimatiur/tflite_train_dataset/main/images/GAMBAR39.jpg,UNDIP,0.729688,0.501389,,,0.072917,0.152778
TRAIN,https://raw.githubusercontent.com/arimatiur/tflite_train_dataset/main/images/GAMBAR39.jpg,IPB,0.727083,0.660648,,,0.077083,0.158333
TRAIN,https://raw.githubusercontent.com/arimatiur/tflite_train_dataset/main/images/GAMBAR4.jpg,UNAIR,0.693592,0.603927,,,0.228339,0.146242
TRAIN,https://raw.githubusercontent.com/arimatiur/tflite_train_dataset/main/images/GAMBAR4.jpg,UB,0.457581,0.596479,,,0.200361,0.131347
TRAIN,https://raw.githubusercontent.com/arimatiur/tflite_train_dataset/main/images/GAMBAR4.jpg,UI,0.218863,0.587339,,,0.203069,0.133378
TRAIN,https://raw.githubusercontent.com/arimatiur/tflite_train_dataset/main/images/GAMBAR4.jpg,ITB,0.277978,0.470548,,,0.193141,0.096141
TRAIN,https://raw.githubusercontent.com/arimatiur/tflite_train_dataset/main/images/GAMBAR4.jpg,UNPAD,0.479242,0.477319,,,0.187726,0.098849
TRAIN,https://raw.githubusercontent.com/arimatiur/tflite_train_dataset/main/images/GAMBAR4.jpg,IPB,0.673285,0.483074,,,0.15704,0.098172
TRAIN,https://raw.githubusercontent.com/arimatiur/tflite_train_dataset/main/images/GAMBAR4.jpg,UNDIP,0.666065,0.397089,,,0.162455,0.084631
TRAIN,https://raw.githubusercontent.com/arimatiur/tflite_train_dataset/main/images/GAMBAR4.jpg,UGM,0.484657,0.390995,,,0.17148,0.077861
TRAIN,https://raw.githubusercontent.com/arimatiur/tflite_train_dataset/main/images/GAMBAR4.jpg,ITS,0.309567,0.377793,,,0.173285,0.088016
TRAIN,https://raw.githubusercontent.com/arimatiur/tflite_train_dataset/main/images/GAMBAR40.jpg,ITS,0.220312,0.233796,,,0.089583,0.173148
TRAIN,https://raw.githubusercontent.com/arimatiur/tflite_train_dataset/main/images/GAMBAR40.jpg,ITB,0.175,0.382407,,,0.085417,0.159259
TRAIN,https://raw.githubusercontent.com/arimatiur/tflite_train_dataset/main/images/GAMBAR40.jpg,UI,0.133333,0.522222,,,0.075,0.159259
TRAIN,https://raw.githubusercontent.com/arimatiur/tflite_train_dataset/main/images/GAMBAR40.jpg,UB,0.303385,0.340741,,,0.100521,0.181481
TRAIN,https://raw.githubusercontent.com/arimatiur/tflite_train_dataset/main/images/GAMBAR40.jpg,UNAIR,0.258333,0.478704,,,0.09375,0.161111
TRAIN,https://raw.githubusercontent.com/arimatiur/tflite_train_dataset/main/images/GAMBAR40.jpg,UNPAD,0.215104,0.625,,,0.077083,0.137037
TRAIN,https://raw.githubusercontent.com/arimatiur/tflite_train_dataset/main/images/GAMBAR40.jpg,UGM,0.396875,0.4375,,,0.094792,0.160185
TRAIN,https://raw.githubusercontent.com/arimatiur/tflite_train_dataset/main/images/GAMBAR40.jpg,UNDIP,0.340625,0.581944,,,0.080208,0.14537
TRAIN,https://raw.githubusercontent.com/arimatiur/tflite_train_dataset/main/images/GAMBAR40.jpg,IPB,0.296615,0.718981,,,0.089063,0.163889
TRAIN,https://raw.githubusercontent.com/arimatiur/tflite_train_dataset/main/images/GAMBAR41.jpg,ITS,0.601042,0.70787,,,0.096875,0.171296
TRAIN,https://raw.githubusercontent.com/arimatiur/tflite_train_dataset/main/images/GAMBAR41.jpg,ITB,0.598698,0.535185,,,0.095312,0.17037
TRAIN,https://raw.githubusercontent.com/arimatiur/tflite_train_dataset/main/images/GAMBAR41.jpg,UI,0.59974,0.351389,,,0.089063,0.182407
TRAIN,https://raw.githubusercontent.com/arimatiur/tflite_train_dataset/main/images/GAMBAR41.jpg,UI,0.50026,0.718981,,,0.098437,0.169444
TRAIN,https://raw.githubusercontent.com/arimatiur/tflite_train_dataset/main/images/GAMBAR41.jpg,UNAIR,0.494271,0.541667,,,0.098958,0.172222
TRAIN,https://raw.githubusercontent.com/arimatiur/tflite_train_dataset/main/images/GAMBAR41.jpg,UNPAD,0.495052,0.353241,,,0.094271,0.160185
TRAIN,https://raw.githubusercontent.com/arimatiur/tflite_train_dataset/main/images/GAMBAR41.jpg,UGM,0.388281,0.73287,,,0.099479,0.173148
TRAIN,https://raw.githubusercontent.com/arimatiur/tflite_train_dataset/main/images/GAMBAR41.jpg,UNDIP,0.386458,0.551852,,,0.085417,0.17037
TRAIN,https://raw.githubusercontent.com/arimatiur/tflite_train_dataset/main/images/GAMBAR41.jpg,IPB,0.380729,0.356944,,,0.104167,0.184259
TEST,https://raw.githubusercontent.com/arimatiur/tflite_train_dataset/main/images/GAMBAR42.jpg,ITS,0.364844,0.748148,,,0.102604,0.174074
TEST,https://raw.githubusercontent.com/arimatiur/tflite_train_dataset/main/images/GAMBAR42.jpg,ITB,0.391667,0.564815,,,0.105208,0.181481
TEST,https://raw.githubusercontent.com/arimatiur/tflite_train_dataset/main/images/GAMBAR42.jpg,UI,0.423177,0.384722,,,0.097396,0.182407
TEST,https://raw.githubusercontent.com/arimatiur/tflite_train_dataset/main/images/GAMBAR42.jpg,UB,0.26224,0.692593,,,0.099479,0.183333
TEST,https://raw.githubusercontent.com/arimatiur/tflite_train_dataset/main/images/GAMBAR42.jpg,UNAIR,0.286458,0.516667,,,0.104167,0.183333
TEST,https://raw.githubusercontent.com/arimatiur/tflite_train_dataset/main/images/GAMBAR42.jpg,UNPAD,0.315104,0.327315,,,0.098958,0.167593
TEST,https://raw.githubusercontent.com/arimatiur/tflite_train_dataset/main/images/GAMBAR42.jpg,UGM,0.160156,0.641667,,,0.096354,0.177778
TEST,https://raw.githubusercontent.com/arimatiur/tflite_train_dataset/main/images/GAMBAR42.jpg,UNDIP,0.184635,0.459722,,,0.080729,0.171296
TEST,https://raw.githubusercontent.com/arimatiur/tflite_train_dataset/main/images/GAMBAR42.jpg,IPB,0.207552,0.278241,,,0.100521,0.182407
TRAIN,https://raw.githubusercontent.com/arimatiur/tflite_train_dataset/main/images/GAMBAR43.jpg,ITS,0.86875,0.722222,,,0.071875,0.153704
TRAIN,https://raw.githubusercontent.com/arimatiur/tflite_train_dataset/main/images/GAMBAR43.jpg,ITB,0.866406,0.563426,,,0.076563,0.152778
TRAIN,https://raw.githubusercontent.com/arimatiur/tflite_train_dataset/main/images/GAMBAR43.jpg,UI,0.863802,0.39537,,,0.072396,0.166667
TRAIN,https://raw.githubusercontent.com/arimatiur/tflite_train_dataset/main/images/GAMBAR43.jpg,UB,0.789583,0.756944,,,0.084375,0.160185
TRAIN,https://raw.githubusercontent.com/arimatiur/tflite_train_dataset/main/images/GAMBAR43.jpg,UNAIR,0.779427,0.598148,,,0.083854,0.155556
TRAIN,https://raw.githubusercontent.com/arimatiur/tflite_train_dataset/main/images/GAMBAR43.jpg,UNPAD,0.774479,0.428241,,,0.082292,0.156481
TRAIN,https://raw.githubusercontent.com/arimatiur/tflite_train_dataset/main/images/GAMBAR43.jpg,UGM,0.7,0.801852,,,0.094792,0.161111
TRAIN,https://raw.githubusercontent.com/arimatiur/tflite_train_dataset/main/images/GAMBAR43.jpg,UNDIP,0.685937,0.633333,,,0.08125,0.157407
TRAIN,https://raw.githubusercontent.com/arimatiur/tflite_train_dataset/main/images/GAMBAR43.jpg,IPB,0.674479,0.456019,,,0.095833,0.176852
TRAIN,https://raw.githubusercontent.com/arimatiur/tflite_train_dataset/main/images/GAMBAR5.jpg,UI,0.22157,0.583615,,,0.203069,0.125931
TRAIN,https://raw.githubusercontent.com/arimatiur/tflite_train_dataset/main/images/GAMBAR5.jpg,UB,0.45352,0.593433,,,0.203069,0.129316
TRAIN,https://raw.githubusercontent.com/arimatiur/tflite_train_dataset/main/images/GAMBAR5.jpg,UNAIR,0.693592,0.60325,,,0.230144,0.144888
TRAIN,https://raw.githubusercontent.com/arimatiur/tflite_train_dataset/main/images/GAMBAR5.jpg,IPB,0.674188,0.483751,,,0.166065,0.096818
TRAIN,https://raw.githubusercontent.com/arimatiur/tflite_train_dataset/main/images/GAMBAR5.jpg,UNPAD,0.474729,0.475626,,,0.184116,0.095464
TRAIN,https://raw.githubusercontent.com/arimatiur/tflite_train_dataset/main/images/GAMBAR5.jpg,ITB,0.274819,0.471903,,,0.190433,0.090724
TRAIN,https://raw.githubusercontent.com/arimatiur/tflite_train_dataset/main/images/GAMBAR5.jpg,ITS,0.312274,0.38084,,,0.16787,0.083277
TRAIN,https://raw.githubusercontent.com/arimatiur/tflite_train_dataset/main/images/GAMBAR5.jpg,UGM,0.484657,0.388287,,,0.17148,0.076506
TRAIN,https://raw.githubusercontent.com/arimatiur/tflite_train_dataset/main/images/GAMBAR5.jpg,UNDIP,0.665162,0.395735,,,0.15704,0.083277
TRAIN,https://raw.githubusercontent.com/arimatiur/tflite_train_dataset/main/images/GAMBAR6.jpg,UNDIP,0.415162,0.682464,,,0.18231,0.14218
TRAIN,https://raw.githubusercontent.com/arimatiur/tflite_train_dataset/main/images/GAMBAR6.jpg,UGM,0.584838,0.597495,,,0.180505,0.141503
TRAIN,https://raw.githubusercontent.com/arimatiur/tflite_train_dataset/main/images/GAMBAR6.jpg,ITS,0.737816,0.528436,,,0.177798,0.134733
TRAIN,https://raw.githubusercontent.com/arimatiur/tflite_train_dataset/main/images/GAMBAR6.jpg,ITB,0.63944,0.4174,,,0.166968,0.121192
TRAIN,https://raw.githubusercontent.com/arimatiur/tflite_train_dataset/main/images/GAMBAR6.jpg,UNPAD,0.481949,0.486121,,,0.176895,0.127285
TRAIN,https://raw.githubusercontent.com/arimatiur/tflite_train_dataset/main/images/GAMBAR6.jpg,IPB,0.312274,0.551117,,,0.162455,0.129993
TRAIN,https://raw.githubusercontent.com/arimatiur/tflite_train_dataset/main/images/GAMBAR6.jpg,UNAIR,0.225181,0.436696,,,0.190433,0.136764
TRAIN,https://raw.githubusercontent.com/arimatiur/tflite_train_dataset/main/images/GAMBAR6.jpg,UB,0.396661,0.367299,,,0.157942,0.121192
TRAIN,https://raw.githubusercontent.com/arimatiur/tflite_train_dataset/main/images/GAMBAR6.jpg,UI,0.5537,0.303656,,,0.170578,0.1239
TRAIN,https://raw.githubusercontent.com/arimatiur/tflite_train_dataset/main/images/GAMBAR7.jpg,ITS,0.291516,0.33954,,,0.187726,0.141503
TRAIN,https://raw.githubusercontent.com/arimatiur/tflite_train_dataset/main/images/GAMBAR7.jpg,ITB,0.28926,0.483751,,,0.188628,0.138795
TRAIN,https://raw.githubusercontent.com/arimatiur/tflite_train_dataset/main/images/GAMBAR7.jpg,UI,0.277527,0.627285,,,0.185018,0.144211
TRAIN,https://raw.githubusercontent.com/arimatiur/tflite_train_dataset/main/images/GAMBAR7.jpg,UGM,0.481949,0.342248,,,0.187726,0.145565
TRAIN,https://raw.githubusercontent.com/arimatiur/tflite_train_dataset/main/images/GAMBAR7.jpg,UNPAD,0.486462,0.484428,,,0.180505,0.138795
TRAIN,https://raw.githubusercontent.com/arimatiur/tflite_train_dataset/main/images/GAMBAR7.jpg,UB,0.478791,0.630332,,,0.175993,0.138118
TRAIN,https://raw.githubusercontent.com/arimatiur/tflite_train_dataset/main/images/GAMBAR7.jpg,UNAIR,0.674188,0.626269,,,0.180505,0.14218
TRAIN,https://raw.githubusercontent.com/arimatiur/tflite_train_dataset/main/images/GAMBAR7.jpg,IPB,0.672383,0.484089,,,0.144404,0.131347
TRAIN,https://raw.githubusercontent.com/arimatiur/tflite_train_dataset/main/images/GAMBAR7.jpg,UNDIP,0.672383,0.348003,,,0.16787,0.134056
TRAIN,https://raw.githubusercontent.com/arimatiur/tflite_train_dataset/main/images/GAMBAR8.jpg,ITS,0.287455,0.336493,,,0.179603,0.140826
TRAIN,https://raw.githubusercontent.com/arimatiur/tflite_train_dataset/main/images/GAMBAR8.jpg,ITB,0.28926,0.483751,,,0.183213,0.138795
TRAIN,https://raw.githubusercontent.com/arimatiur/tflite_train_dataset/main/images/GAMBAR8.jpg,UI,0.277076,0.626947,,,0.185921,0.139472
TRAIN,https://raw.githubusercontent.com/arimatiur/tflite_train_dataset/main/images/GAMBAR8.jpg,UB,0.478791,0.627624,,,0.170578,0.131347
TRAIN,https://raw.githubusercontent.com/arimatiur/tflite_train_dataset/main/images/GAMBAR8.jpg,UNPAD,0.486011,0.483412,,,0.179603,0.129993
TRAIN,https://raw.githubusercontent.com/arimatiur/tflite_train_dataset/main/images/GAMBAR8.jpg,UGM,0.482401,0.346987,,,0.177798,0.138795
TRAIN,https://raw.githubusercontent.com/arimatiur/tflite_train_dataset/main/images/GAMBAR8.jpg,UNAIR,0.673736,0.626269,,,0.170578,0.136764
TRAIN,https://raw.githubusercontent.com/arimatiur/tflite_train_dataset/main/images/GAMBAR8.jpg,IPB,0.670126,0.486798,,,0.152527,0.129993
TRAIN,https://raw.githubusercontent.com/arimatiur/tflite_train_dataset/main/images/GAMBAR8.jpg,UNDIP,0.676895,0.352404,,,0.17148,0.127962
TRAIN,https://raw.githubusercontent.com/arimatiur/tflite_train_dataset/main/images/GAMBAR9.jpg,UNDIP,0.613267,0.235951,,,0.23917,0.187542
TRAIN,https://raw.githubusercontent.com/arimatiur/tflite_train_dataset/main/images/GAMBAR9.jpg,IPB,0.600632,0.41977,,,0.199458,0.17197
TRAIN,https://raw.githubusercontent.com/arimatiur/tflite_train_dataset/main/images/GAMBAR9.jpg,UNAIR,0.601986,0.604265,,,0.236462,0.182126
TRAIN,https://raw.githubusercontent.com/arimatiur/tflite_train_dataset/main/images/GAMBAR9.jpg,UB,0.365072,0.592417,,,0.190433,0.155721
TRAIN,https://raw.githubusercontent.com/arimatiur/tflite_train_dataset/main/images/GAMBAR9.jpg,UNPAD,0.374097,0.424509,,,0.204874,0.158429
TRAIN,https://raw.githubusercontent.com/arimatiur/tflite_train_dataset/main/images/GAMBAR9.jpg,UGM,0.370487,0.251185,,,0.206679,0.17197
TRAIN,https://raw.githubusercontent.com/arimatiur/tflite_train_dataset/main/images/GAMBAR9.jpg,UI,0.164711,0.584631,,,0.166968,0.157752
TRAIN,https://raw.githubusercontent.com/arimatiur/tflite_train_dataset/main/images/GAMBAR9.jpg,ITB,0.172834,0.426202,,,0.168773,0.150982
TRAIN,https://raw.githubusercontent.com/arimatiur/tflite_train_dataset/main/images/GAMBAR9.jpg,ITS,0.177347,0.264387,,,0.177798,0.16046
